{
  "__version__": "1.3.2",
  "splash-setting": {
    "displayWatermark": false,
    "url": "D:\\GIT\\SG\\art\\UI\\sg\\Logo_Test.png",
    "clearColor": {
      "x": 0.5058823529411764,
      "y": 0.4588235294117647,
      "z": 0.7568627450980392,
      "w": 1
    }
  }
}
